{
  "biz/Rails Craft Brew & Eatery": [
    38.9569112,
    -85.8894581
  ],
  "biz/Larrison's Diner": [
    38.956966,
    -85.889698
  ],
  "biz/Townhouse Cafe": [
    38.9591465,
    -85.8896954
  ],
  "biz/Schneck Medical Center": [
    38.9551568,
    -85.8918135
  ],
  "biz/Walmart Supercenter Seymour": [
    38.9554804,
    -85.8644646
  ],
  "biz/JCBank main": [
    38.9578566,
    -85.8898095
  ],
  "biz/Kocolene Seymour": [
    38.9580176,
    -85.8683414
  ],
  "biz/Ruler Foods Seymour": [
    38.9464334,
    -85.9185813
  ],
  "lm/Seymour City Hall": [
    38.959887,
    -85.890786
  ],
  "lm/Jackson County Public Library": [
    38.9587017,
    -85.891961
  ],
  "lm/US Post Office Seymour": [
    38.9591465,
    -85.8896954
  ],
  "lm/Jackson County Courthouse": [
    38.8789521,
    -86.04181
  ],
  "lm/Seymour High School": [
    38.9550234,
    -85.9069918
  ],
  "lm/Seymour Police Department": [
    38.9598604,
    -85.8878495
  ],
  "lm/Seymour Fire Station 1": [
    38.9596787,
    -85.8922588
  ],
  "sf/KFC Tipton St": [
    38.9584922,
    -85.8728882
  ],
  "sf/Kroger Seymour": [
    38.9581783,
    -85.8722052
  ],
  "sf/Aldi Seymour": [
    38.9581924,
    -85.8752703
  ],
  "sf/Tractor Supply Seymour": [
    38.9581775,
    -85.857649
  ]
}